productphotoid,thumbnailphoto,thumbnailphotofilename,largephoto,largephotofilename,modifieddate
1,<memory at 0x7f23ad0dff40>,no_image_available_small.gif,<memory at 0x7f23ad0dfd00>,no_image_available_large.gif,2008-04-30 00:00:00.000
69,<memory at 0x7f23ad0dfe80>,racer02_black_f_small.gif,<memory at 0x7f23ad0dfdc0>,racer02_black_f_large.gif,2008-04-30 00:00:00.000
70,<memory at 0x7f23ad0dfc40>,racer02_black_small.gif,<memory at 0x7f23ad0dfac0>,racer02_black_large.gif,2012-10-19 09:56:38.273
72,<memory at 0x7f23ad0dfb80>,racer02_blue_f_small.gif,<memory at 0x7f23ad0df580>,racer02_blue_f_large.gif,2012-10-19 09:56:38.273
73,<memory at 0x7f23ad0df4c0>,racer02_blue_small.gif,<memory at 0x7f23ad0df640>,racer02_blue_large.gif,2012-10-19 09:56:38.273
76,<memory at 0x7f23ad0df700>,racer02_green_f_small.gif,<memory at 0x7f23ad0df7c0>,racer02_green_f_large.gif,2012-10-19 09:56:38.273
77,<memory at 0x7f23ad0df880>,racer02_green_small.gif,<memory at 0x7f23ad0dfa00>,racer02_green_large.gif,2012-10-19 09:56:38.273
78,<memory at 0x7f23ad024040>,hotrodbike_black_small.gif,<memory at 0x7f23ad024100>,hotrodbike_black_large.gif,2012-04-30 00:00:00.000
79,<memory at 0x7f23ad0241c0>,hotrodbike_blue_small.gif,<memory at 0x7f23ad024280>,hotrodbike_blue_large.gif,2012-10-19 09:56:38.273
80,<memory at 0x7f23ad024340>,hotrodbike_f_small.gif,<memory at 0x7f23ad024400>,hotrodbike_f_large.gif,2013-04-30 00:00:00.000
81,<memory at 0x7f23ad0244c0>,hotrodbike_f_silver_small.gif,<memory at 0x7f23ad024580>,hotrodbike_f_silver_large.gif,2013-04-30 00:00:00.000
82,<memory at 0x7f23ad024640>,hotrodbike_small.gif,<memory at 0x7f23ad024700>,hotrodbike_large.gif,2013-04-30 00:00:00.000
83,<memory at 0x7f23ad0247c0>,hotrodbike_red_small.gif,<memory at 0x7f23ad024880>,hotrodbike_red_large.gif,2012-10-19 09:56:38.273
84,<memory at 0x7f23ad024940>,hotrodbike_silver_small.gif,<memory at 0x7f23ad024a00>,hotrodbike_silver_large.gif,2012-04-30 00:00:00.000
85,<memory at 0x7f23ad024ac0>,hotrodbike_yellow_small.gif,<memory at 0x7f23ad024b80>,hotrodbike_yellow_large.gif,2012-10-19 09:56:38.273
86,<memory at 0x7f23ad024c40>,julianax_r_02_black_small.gif,<memory at 0x7f23ad024d00>,julianax_r_02_black_large.gif,2012-10-19 09:56:38.273
87,<memory at 0x7f23ad024dc0>,julianax_r_02_blue_small.gif,<memory at 0x7f23ad024e80>,julianax_r_02_blue_large.gif,2012-10-19 09:56:38.273
88,<memory at 0x7f23ad024f40>,julianax_r_02_f_black_small.gif,<memory at 0x7f23ad025000>,julianax_r_02_f_black_large.gif,2012-10-19 09:56:38.273
89,<memory at 0x7f23ad0250c0>,julianax_r_02_f_blue_small.gif,<memory at 0x7f23ad025180>,julianax_r_02_f_blue_large.gif,2012-10-19 09:56:38.273
90,<memory at 0x7f23ad025240>,julianax_r_02_f_gold_small.gif,<memory at 0x7f23ad025300>,julianax_r_02_f_gold_large.gif,2012-10-19 09:56:38.273
91,<memory at 0x7f23ad0253c0>,julianax_r_02_f_green_small.gif,<memory at 0x7f23ad025480>,julianax_r_02_f_green_large.gif,2012-10-19 09:56:38.273
93,<memory at 0x7f23ad025540>,julianax_r_02_f_red_small.gif,<memory at 0x7f23ad025600>,julianax_r_02_f_red_large.gif,2012-10-19 09:56:38.273
94,<memory at 0x7f23ad0256c0>,julianax_r_02_gold_small.gif,<memory at 0x7f23ad025780>,julianax_r_02_gold_large.gif,2012-10-19 09:56:38.273
95,<memory at 0x7f23ad025840>,julianax_r_02_green_small.gif,<memory at 0x7f23ad025900>,julianax_r_02_green_large.gif,2012-10-19 09:56:38.273
97,<memory at 0x7f23ad0259c0>,julianax_r_02_red_small.gif,<memory at 0x7f23ad025a80>,julianax_r_02_red_large.gif,2012-10-19 09:56:38.273
98,<memory at 0x7f23ad025b40>,julianax_r_02_silver_small.gif,<memory at 0x7f23ad025c00>,julianax_r_02_silver_large.gif,2012-10-19 09:56:38.273
99,<memory at 0x7f23ad025cc0>,julianax_r_02_yellow_small.gif,<memory at 0x7f23ad025d80>,julianax_r_02_yellow_large.gif,2012-10-19 09:56:38.273
100,<memory at 0x7f23ad025e40>,racer02_red_small.gif,<memory at 0x7f23ad025f00>,racer02_red_large.gif,2012-10-19 09:56:38.273
102,<memory at 0x7f23ad025fc0>,roadster_black_small.gif,<memory at 0x7f23ad026080>,roadster_black_large.gif,2012-10-19 09:56:38.273
103,<memory at 0x7f23ad026140>,roadster_blue_small.gif,<memory at 0x7f23ad026200>,roadster_blue_large.gif,2012-10-19 09:56:38.273
105,<memory at 0x7f23ad0262c0>,roadster_green_f_small.gif,<memory at 0x7f23ad026380>,roadster_green_f_large.gif,2012-10-19 09:56:38.273
106,<memory at 0x7f23ad026440>,roadster_green_small.gif,<memory at 0x7f23ad026500>,roadster_green_large.gif,2012-10-19 09:56:38.273
107,<memory at 0x7f23ad0265c0>,roadster_small.gif,<memory at 0x7f23ad026680>,roadster_large.gif,2012-10-19 09:56:38.273
108,<memory at 0x7f23ad026740>,roadster_purple_f_small.gif,<memory at 0x7f23ad026800>,roadster_purple_f_large.gif,2012-10-19 09:56:38.273
109,<memory at 0x7f23ad0268c0>,roadster_purple_small.gif,<memory at 0x7f23ad026980>,roadster_purple_large.gif,2012-10-19 09:56:38.273
110,<memory at 0x7f23ad026a40>,roadster_red_f_small.gif,<memory at 0x7f23ad026b00>,roadster_red_f_large.gif,2012-10-19 09:56:38.273
111,<memory at 0x7f23ad026bc0>,roadster_red_small.gif,<memory at 0x7f23ad026c80>,roadster_red_large.gif,2011-05-01 00:00:00.000
112,<memory at 0x7f23ad026d40>,roadster_silver_small.gif,<memory at 0x7f23ad026e00>,roadster_silver_large.gif,2012-10-19 09:56:38.273
113,<memory at 0x7f23ad026ec0>,roadster_yellow_f_small.gif,<memory at 0x7f23ad026f80>,roadster_yellow_f_large.gif,2013-04-30 00:00:00.000
114,<memory at 0x7f23ad027040>,roadster_yellow_small.gif,<memory at 0x7f23ad027100>,roadster_yellow_large.gif,2012-10-19 09:56:38.273
115,<memory at 0x7f23ad0271c0>,racer02_silver_small.gif,<memory at 0x7f23ad027280>,racer02_silver_large.gif,2012-10-19 09:56:38.273
117,<memory at 0x7f23ad027340>,superlight_black_f_small.gif,<memory at 0x7f23ad027400>,superlight_black_f_large.gif,2012-10-19 09:56:38.273
118,<memory at 0x7f23ad0274c0>,superlight_black_small.gif,<memory at 0x7f23ad027580>,superlight_black_large.gif,2011-05-01 00:00:00.000
119,<memory at 0x7f23ad027640>,superlight_blue_f_small.gif,<memory at 0x7f23ad027700>,superlight_blue_f_large.gif,2011-05-01 00:00:00.000
120,<memory at 0x7f23ad0277c0>,superlight_blue_small.gif,<memory at 0x7f23ad027880>,superlight_blue_large.gif,2012-10-19 09:56:38.273
123,<memory at 0x7f23ad027940>,superlight_metalicgreen_f_small.gif,<memory at 0x7f23ad027a00>,superlight_metalicgreen_f_large.gif,2012-10-19 09:56:38.273
124,<memory at 0x7f23ad027ac0>,superlight_metalicgreen_small.gif,<memory at 0x7f23ad027b80>,superlight_metalicgreen_large.gif,2012-10-19 09:56:38.273
125,<memory at 0x7f23ad027c40>,superlight_red_f_small.gif,<memory at 0x7f23ad027d00>,superlight_red_f_large.gif,2012-10-19 09:56:38.273
126,<memory at 0x7f23ad027dc0>,superlight_red_small.gif,<memory at 0x7f23ad027e80>,superlight_red_large.gif,2011-05-01 00:00:00.000
127,<memory at 0x7f23ad027f40>,superlight_silver_f_small.gif,<memory at 0x7f23acff0040>,superlight_silver_f_large.gif,2011-05-01 00:00:00.000
128,<memory at 0x7f23acff0100>,superlight_silver_small.gif,<memory at 0x7f23acff01c0>,superlight_silver_large.gif,2011-05-01 00:00:00.000
129,<memory at 0x7f23acff0280>,superlight_yellow_f_small.gif,<memory at 0x7f23acff0340>,superlight_yellow_f_large.gif,2011-05-01 00:00:00.000
130,<memory at 0x7f23acff0400>,superlight_yellow_small.gif,<memory at 0x7f23acff04c0>,superlight_yellow_large.gif,2012-10-19 09:56:38.273
131,<memory at 0x7f23acff0580>,racer02_yellow_f_small.gif,<memory at 0x7f23acff0640>,racer02_yellow_f_large.gif,2012-04-30 00:00:00.000
133,<memory at 0x7f23acff0700>,chain_small.gif,<memory at 0x7f23acff07c0>,chain_large.gif,2012-04-30 00:00:00.000
134,<memory at 0x7f23acff0880>,chain_lube_small.gif,<memory at 0x7f23acff0940>,chain_lube_large.gif,2012-04-30 00:00:00.000
135,<memory at 0x7f23acff0a00>,clipless_pedals_small.gif,<memory at 0x7f23acff0ac0>,clipless_pedals_large.gif,2013-04-30 00:00:00.000
136,<memory at 0x7f23acff0b80>,co2_4tire_small.gif,<memory at 0x7f23acff0c40>,co2_4tire_large.gif,2013-04-30 00:00:00.000
137,<memory at 0x7f23acff0d00>,double_headlight_small.gif,<memory at 0x7f23acff0dc0>,double_headlight_large.gif,2012-04-30 00:00:00.000
138,<memory at 0x7f23acff0e80>,fork_small.gif,<memory at 0x7f23acff0f40>,fork_large.gif,2012-04-30 00:00:00.000
139,<memory at 0x7f23acff1000>,frame_black_small.gif,<memory at 0x7f23acff10c0>,frame_black_large.gif,2011-05-01 00:00:00.000
140,<memory at 0x7f23acff1180>,frame_blue_small.gif,<memory at 0x7f23acff1240>,frame_blue_large.gif,2012-10-19 09:56:38.273
141,<memory at 0x7f23acff1300>,frame_small.gif,<memory at 0x7f23acff13c0>,frame_large.gif,2012-10-19 09:56:38.273
142,<memory at 0x7f23acff1480>,frame_red_small.gif,<memory at 0x7f23acff1540>,frame_red_large.gif,2012-10-19 09:56:38.273
143,<memory at 0x7f23acff1600>,frame_silver_small.gif,<memory at 0x7f23acff16c0>,frame_silver_large.gif,2011-05-01 00:00:00.000
144,<memory at 0x7f23acff1780>,frame_yellow_small.gif,<memory at 0x7f23acff1840>,frame_yellow_large.gif,2012-10-19 09:56:38.273
145,<memory at 0x7f23acff1900>,handlebar_small.gif,<memory at 0x7f23acff19c0>,handlebar_large.gif,2012-04-30 00:00:00.000
146,<memory at 0x7f23acff1a80>,mb_tires_small.gif,<memory at 0x7f23acff1b40>,mb_tires_large.gif,2013-04-30 00:00:00.000
147,<memory at 0x7f23acff1c00>,pedal_small.gif,<memory at 0x7f23acff1cc0>,pedal_large.gif,2013-04-30 00:00:00.000
149,<memory at 0x7f23acff1d80>,saddle_small.gif,<memory at 0x7f23acff1e40>,saddle_large.gif,2013-04-30 00:00:00.000
150,<memory at 0x7f23acff1f00>,silver_chain_small.gif,<memory at 0x7f23acff1fc0>,silver_chain_large.gif,2013-04-30 00:00:00.000
151,<memory at 0x7f23acff2080>,silver_pedal_small.gif,<memory at 0x7f23acff2140>,silver_pedal_large.gif,2013-04-30 00:00:00.000
152,<memory at 0x7f23acff2200>,silver_sprocket_small.gif,<memory at 0x7f23acff22c0>,silver_sprocket_large.gif,2013-04-30 00:00:00.000
153,<memory at 0x7f23acff2380>,single_headlight_small.gif,<memory at 0x7f23acff2440>,single_headlight_large.gif,2012-04-30 00:00:00.000
154,<memory at 0x7f23acff2500>,sprocket_small.gif,<memory at 0x7f23acff25c0>,sprocket_large.gif,2013-04-30 00:00:00.000
155,<memory at 0x7f23acff2680>,street_tires_small.gif,<memory at 0x7f23acff2740>,street_tires_large.gif,2013-04-30 00:00:00.000
156,<memory at 0x7f23acff2800>,tail_lights_small.gif,<memory at 0x7f23acff28c0>,tail_lights_large.gif,2012-04-30 00:00:00.000
157,<memory at 0x7f23acff2980>,tirepatch_kit_small.gif,<memory at 0x7f23acff2a40>,tirepatch_kit_large.gif,2013-04-30 00:00:00.000
158,<memory at 0x7f23acff2b00>,water_bottle_cage_small.gif,<memory at 0x7f23acff2bc0>,water_bottle_cage_large.gif,2013-04-30 00:00:00.000
159,<memory at 0x7f23acff2c80>,water_bottle_small.gif,<memory at 0x7f23acff2d40>,water_bottle_large.gif,2013-04-30 00:00:00.000
160,<memory at 0x7f23acff2e00>,wheel_small.gif,<memory at 0x7f23acff2ec0>,wheel_large.gif,2008-03-31 00:00:00.000
161,<memory at 0x7f23acff2f80>,awc_jersey_female_small.gif,<memory at 0x7f23acff3040>,awc_jersey_female_large.gif,2008-03-31 00:00:00.000
162,<memory at 0x7f23acff3100>,awc_jersey_male_small.gif,<memory at 0x7f23acff31c0>,awc_jersey_male_large.gif,2011-05-01 00:00:00.000
163,<memory at 0x7f23acff3280>,awc_tee_female_small.gif,<memory at 0x7f23acff3340>,awc_tee_female_large.gif,2011-05-01 00:00:00.000
164,<memory at 0x7f23acff3400>,awc_tee_male_small.gif,<memory at 0x7f23acff34c0>,awc_tee_male_large.gif,2011-05-01 00:00:00.000
165,<memory at 0x7f23acff3580>,awc_tee_male_yellow_small.gif,<memory at 0x7f23acff3640>,awc_tee_male_yellow_large.gif,2013-04-30 00:00:00.000
166,<memory at 0x7f23acff3700>,bikepump_small.gif,<memory at 0x7f23acff37c0>,bikepump_large.gif,2012-04-30 00:00:00.000
167,<memory at 0x7f23acff3880>,bike_lock_small.gif,<memory at 0x7f23acff3940>,bike_lock_large.gif,2012-04-30 00:00:00.000
168,<memory at 0x7f23acff3a00>,bike_shoes_small.gif,<memory at 0x7f23acff3ac0>,bike_shoes_large.gif,2012-04-30 00:00:00.000
169,<memory at 0x7f23acff3b80>,bike_shorts_female_small.gif,<memory at 0x7f23acff3c40>,bike_shorts_female_large.gif,2012-04-30 00:00:00.000
170,<memory at 0x7f23acff3d00>,bike_shorts_male_small.gif,<memory at 0x7f23acff3dc0>,bike_shorts_male_large.gif,2012-04-30 00:00:00.000
172,<memory at 0x7f23acff3e80>,handpump_small.gif,<memory at 0x7f23acff3f40>,handpump_large.gif,2012-04-30 00:00:00.000
173,<memory at 0x7f23acfdc040>,innertube_small.gif,<memory at 0x7f23acfdc100>,innertube_large.gif,2013-04-30 00:00:00.000
174,<memory at 0x7f23acfdc1c0>,mb_shoes_small.gif,<memory at 0x7f23acfdc280>,mb_shoes_large.gif,2013-04-30 00:00:00.000
175,<memory at 0x7f23acfdc340>,shorts_female_small.gif,<memory at 0x7f23acfdc400>,shorts_female_large.gif,2013-04-30 00:00:00.000
176,<memory at 0x7f23acfdc4c0>,shorts_male_small.gif,<memory at 0x7f23acfdc580>,shorts_male_large.gif,2012-04-30 00:00:00.000
177,<memory at 0x7f23acfdc640>,racer_black_small.gif,<memory at 0x7f23acfdc700>,racer_black_large.gif,2012-04-30 00:00:00.000
178,<memory at 0x7f23acfdc7c0>,racer_blue_small.gif,<memory at 0x7f23acfdc880>,racer_blue_large.gif,2012-10-19 09:56:38.273
179,<memory at 0x7f23acfdc940>,racer_red_small.gif,<memory at 0x7f23acfdca00>,racer_red_large.gif,2012-04-30 00:00:00.000
180,<memory at 0x7f23acfdcac0>,racer_silver_small.gif,<memory at 0x7f23acfdcb80>,racer_silver_large.gif,2012-10-19 09:56:38.273
181,<memory at 0x7f23acfdcc40>,racer_yellow_small.gif,<memory at 0x7f23acfdcd00>,racer_yellow_large.gif,2012-10-19 09:56:38.273
